{
    "num_vars": 53,
    "names": [
        "r33",
        "r34",
        "r35",
        "r36",
        "r37",
        "r38",
        "r41",
        "r42",
        "r49",
        "r50",
        "r51",
        "r52",
        "r53",
        "r54",
        "r55",
        "r160",
        "r171",
        "r172",
        "r173",
        "r174",
        "r175",
        "r176",
        "r177",
        "r178",
        "r179",
        "r180",
        "r181",
        "r182",
        "r183",
        "r184",
        "r185",
        "r186",
        "r203",
        "r204",
        "r205",
        "r209",
        "r210",
        "r212",
        "r213",
        "r214",
        "r215",
        "r216",
        "r217",
        "r244",
        "r251",
        "r252",
        "r253",
        "r254",
        "r255",
        "r256",
        "r257",
        "r258",
        "r98"
    ],
    "bounds": [
        [
            0.0058261499999999996,
            0.00594385
        ],
        [
            0.0038115000000000002,
            0.0038885
        ],
        [
            0.0033858,
            0.0034541999999999997
        ],
        [
            0.00198,
            0.00202
        ],
        [
            0.00198,
            0.00202
        ],
        [
            0.0029155500000000003,
            0.00297445
        ],
        [
            0.001732499999999901,
            0.0017674999999998991
        ],
        [
            0.002475,
            0.002525
        ],
        [
            0.0038115000000000002,
            0.0038885
        ],
        [
            0.0033858,
            0.0034541999999999997
        ],
        [
            0.00198,
            0.00202
        ],
        [
            0.00198,
            0.00202
        ],
        [
            0.0029155500000000003,
            0.00297445
        ],
        [
            0.001732499999999901,
            0.0017674999999998991
        ],
        [
            0.002475,
            0.002525
        ],
        [
            0.0042075,
            0.0042925
        ],
        [
            0.0022373999999999996,
            0.0022826
        ],
        [
            0.0022373999999999996,
            0.0022826
        ],
        [
            0.001485,
            0.001515
        ],
        [
            0.001485,
            0.001515
        ],
        [
            0.0033659999999999996,
            0.003434
        ],
        [
            0.0033659999999999996,
            0.003434
        ],
        [
            0.003464999999999901,
            0.003534999999999899
        ],
        [
            0.003464999999999901,
            0.003534999999999899
        ],
        [
            0.003464999999999901,
            0.003534999999999899
        ],
        [
            0.003464999999999901,
            0.003534999999999899
        ],
        [
            0.00495,
            0.00505
        ],
        [
            0.00495,
            0.00505
        ],
        [
            0.001485,
            0.001515
        ],
        [
            0.001485,
            0.001515
        ],
        [
            0.0056925,
            0.0058075
        ],
        [
            0.0056925,
            0.0058075
        ],
        [
            0.0075438,
            0.0076962
        ],
        [
            0.0056925,
            0.0058075
        ],
        [
            0.0056925,
            0.0058075
        ],
        [
            0.00198,
            0.00202
        ],
        [
            0.002772,
            0.002828
        ],
        [
            0.001485,
            0.001515
        ],
        [
            0.001485,
            0.001515
        ],
        [
            0.00594,
            0.00606
        ],
        [
            0.00594,
            0.00606
        ],
        [
            0.00099,
            0.00101
        ],
        [
            0.00099,
            0.00101
        ],
        [
            0.0042075,
            0.0042925
        ],
        [
            0.001485,
            0.001515
        ],
        [
            0.001485,
            0.001515
        ],
        [
            0.0016483499999999012,
            0.001681649999999899
        ],
        [
            0.0016483499999999012,
            0.001681649999999899
        ],
        [
            0.001485,
            0.001515
        ],
        [
            0.001485,
            0.001515
        ],
        [
            0.0020295,
            0.0020705000000000003
        ],
        [
            0.0020295,
            0.0020705000000000003
        ],
        [
            0.0036432,
            0.0037168
        ]
    ]
}
